"weight","height"
99.7177015710622,197.391011798754
