"weight","height"
97.1124107204378,199.291888906155
